filepath,xmin,xmax,ymin,ymax
./images/162.xml,539,650,604,690
./images/604.xml,57,338,964,1240
./images/88.xml,366,492,286,318
./images/610.xml,670,798,426,501
./images/176.xml,535,686,741,853
./images/638.xml,578,736,493,564
./images/63.xml,264,377,225,252
./images/77.xml,261,373,239,268
./images/189.xml,261,511,644,690
./images/406.xml,250,495,723,789
./images/360.xml,265,481,628,675
./images/374.xml,349,574,594,649
./images/412.xml,836,1242,734,835
./images/348.xml,793,873,384,455
./images/Cars213.xml,150,233,160,194
./images/Cars207.xml,254,372,229,264
./images/572.xml,132,309,862,992
./images/214.xml,309,695,735,911
./images/200.xml,808,1092,857,930
./images/566.xml,109,204,613,661
./images/Cars398.xml,72,196,139,222
./images/228.xml,690,822,488,577
./images/Cars367.xml,224,382,161,222
./images/Cars401.xml,158,238,223,240
./images/Cars415.xml,133,261,157,192
./images/Cars373.xml,161,264,132,157
./images/Cars429.xml,86,208,166,195
./images/599.xml,837,1282,1121,1229
./images/Cars47.xml,6,48,143,161
./images/Cars53.xml,146,260,187,213
./images/Cars165.xml,209,293,217,254
./images/Cars171.xml,192,242,146,167
./images/Cars159.xml,149,261,184,211
./images/Cars84.xml,167,238,201,220
./images/Cars90.xml,77,101,204,225
./images/Cars91.xml,269,317,170,189
./images/Cars85.xml,86,146,218,235
./images/Cars158.xml,97,296,118,210
./images/Cars170.xml,318,346,190,224
./images/Cars164.xml,160,239,144,183
./images/Cars52.xml,226,327,181,210
./images/Cars46.xml,189,352,193,248
./images/Cars428.xml,142,258,128,157
./images/598.xml,181,401,609,669
./images/Cars414.xml,269,309,206,228
./images/Cars372.xml,221,353,275,309
./images/Cars366.xml,144,316,112,160
./images/Cars400.xml,303,340,191,217
./images/Cars399.xml,106,309,62,161
./images/229.xml,677,832,478,548
./images/201.xml,214,388,522,555
./images/567.xml,34,152,384,484
./images/573.xml,1385,1507,677,853
./images/215.xml,1425,1786,858,1043
./images/Cars206.xml,95,164,185,206
./images/Cars212.xml,105,290,94,141
./images/349.xml,366,581,549,594
./images/375.xml,1427,1634,516,751
./images/413.xml,324,494,482,520
./images/407.xml,69,214,481,550
./images/361.xml,247,484,697,749
./images/76.xml,427,503,181,214
./images/188.xml,227,501,777,840
./images/62.xml,367,479,348,380
./images/639.xml,671,838,472,558
./images/611.xml,412,576,452,494
./images/89.xml,259,465,414,462
./images/177.xml,1016,1197,770,894
./images/163.xml,21,166,733,810
./images/605.xml,708,1240,1067,1180
./images/175.xml,1080,1381,791,865
./images/613.xml,386,598,375,422
./images/607.xml,235,637,821,910
./images/161.xml,283,514,865,968
./images/149.xml,318,649,490,578
./images/48.xml,54,168,271,337
./images/74.xml,247,335,227,251
./images/60.xml,101,235,325,390
./images/411.xml,901,1272,1085,1170
./images/377.xml,800,1272,959,1087
./images/363.xml,497,655,567,653
./images/405.xml,87,195,537,596
./images/439.xml,612,824,1228,1281
./images/Cars204.xml,193,279,145,187
./images/Cars210.xml,54,315,90,159
./images/Cars238.xml,276,396,186,273
./images/388.xml,98,340,508,666
./images/565.xml,632,706,431,465
./images/203.xml,705,862,354,428
./images/217.xml,289,476,636,673
./images/571.xml,1072,1276,683,852
./images/559.xml,588,1109,1206,1345
./images/Cars370.xml,285,425,249,276
./images/Cars416.xml,150,234,207,221
./images/Cars402.xml,360,438,165,181
./images/Cars364.xml,61,115,140,167
./images/Cars358.xml,44,107,94,107
./images/Cars78.xml,149,249,210,239
./images/Cars50.xml,116,525,55,262
./images/Cars199.xml,59,310,88,158
./images/Cars44.xml,18,430,153,271
./images/Cars172.xml,173,301,209,239
./images/Cars166.xml,148,201,123,150
./images/Cars93.xml,347,367,122,132
./images/Cars87.xml,3,45,205,220
./images/Cars86.xml,332,447,176,204
./images/Cars92.xml,281,393,185,271
./images/Cars167.xml,176,327,254,285
./images/Cars173.xml,170,252,118,163
./images/Cars45.xml,204,280,103,175
./images/Cars198.xml,166,273,225,246
./images/Cars51.xml,264,318,141,162
./images/Cars79.xml,238,350,363,422
./images/Cars359.xml,228,266,228,240
./images/Cars403.xml,296,332,189,209
./images/Cars365.xml,293,373,205,226
./images/Cars371.xml,313,371,135,150
./images/Cars417.xml,90,273,145,196
./images/558.xml,173,380,525,656
./images/216.xml,239,598,661,897
./images/570.xml,1414,1507,524,943
./images/564.xml,267,461,727,775
./images/202.xml,195,376,415,463
./images/Cars239.xml,176,326,254,284
./images/389.xml,309,697,288,403
./images/Cars211.xml,28,387,64,235
./images/Cars205.xml,156,221,162,199
./images/438.xml,436,581,870,993
./images/362.xml,42,152,576,653
./images/404.xml,514,657,716,769
./images/410.xml,213,522,630,684
./images/376.xml,1518,1719,463,700
./images/61.xml,160,252,133,184
./images/75.xml,537,649,259,314
./images/49.xml,162,269,415,468
./images/148.xml,415,672,591,649
./images/606.xml,436,873,1175,1277
./images/160.xml,289,491,1160,1329
./images/174.xml,1274,1441,481,587
./images/612.xml,171,347,357,424
./images/158.xml,266,478,367,412
./images/616.xml,471,829,705,783
./images/170.xml,319,583,553,618
./images/164.xml,133,260,474,523
./images/602.xml,1181,1484,786,930
./images/71.xml,218,399,356,414
./images/65.xml,241,369,218,249
./images/59.xml,257,379,316,339
./images/428.xml,70,142,444,536
./images/372.xml,133,274,445,547
./images/414.xml,293,432,599,628
./images/400.xml,49,180,578,681
./images/366.xml,313,473,606,647
./images/Cars229.xml,253,284,163,177
./images/399.xml,713,868,442,510
./images/Cars201.xml,216,367,171,208
./images/Cars215.xml,92,162,105,123
./images/548.xml,340,566,852,902
./images/206.xml,1038,1231,430,544
./images/560.xml,269,452,537,588
./images/574.xml,640,1028,1026,1116
./images/212.xml,1379,1718,706,878
./images/Cars349.xml,38,146,225,249
./images/Cars413.xml,237,271,143,162
./images/Cars375.xml,144,300,114,145
./images/Cars361.xml,148,305,113,178
./images/Cars407.xml,311,346,183,202
./images/Cars55.xml,143,210,171,208
./images/Cars188.xml,32,43,184,193
./images/Cars41.xml,109,159,182,206
./images/Cars69.xml,77,124,150,175
./images/Cars96.xml,133,261,126,160
./images/Cars82.xml,190,257,59,77
./images/Cars177.xml,149,272,166,193
./images/Cars163.xml,220,360,173,200
./images/Cars162.xml,201,268,168,213
./images/Cars176.xml,72,308,67,185
./images/Cars83.xml,251,326,295,341
./images/Cars97.xml,98,297,102,191
./images/Cars68.xml,189,245,142,171
./images/Cars40.xml,261,317,186,211
./images/Cars189.xml,285,423,241,286
./images/Cars54.xml,148,257,61,118
./images/Cars360.xml,52,94,167,200
./images/Cars406.xml,285,374,185,226
./images/Cars412.xml,221,362,172,202
./images/Cars374.xml,354,441,118,142
./images/Cars348.xml,156,250,121,204
./images/575.xml,1018,1337,683,864
./images/213.xml,698,1197,793,909
./images/207.xml,923,1144,395,503
./images/561.xml,227,483,381,445
./images/549.xml,70,206,463,617
./images/Cars214.xml,188,214,121,134
./images/Cars200.xml,95,195,189,217
./images/Cars228.xml,86,113,127,143
./images/398.xml,43,162,646,699
./images/401.xml,497,641,664,728
./images/367.xml,246,561,660,728
./images/373.xml,633,767,471,546
./images/415.xml,698,793,417,473
./images/429.xml,359,616,357,422
./images/58.xml,218,394,357,414
./images/64.xml,234,364,222,260
./images/70.xml,500,641,341,413
./images/165.xml,165,237,336,386
./images/603.xml,1375,1681,1118,1294
./images/617.xml,1038,1228,474,624
./images/171.xml,217,510,645,720
./images/159.xml,538,915,1678,1772
./images/629.xml,273,468,492,538
./images/601.xml,1411,1654,951,1091
./images/99.xml,289,435,383,415
./images/167.xml,267,551,543,624
./images/173.xml,281,569,546,747
./images/615.xml,452,813,842,934
./images/66.xml,176,312,262,296
./images/198.xml,1191,1413,791,870
./images/72.xml,248,403,211,250
./images/8.xml,1631,1988,1854,2008
./images/359.xml,239,457,605,657
./images/365.xml,308,476,1027,1117
./images/403.xml,125,327,477,567
./images/417.xml,439,583,533,568
./images/371.xml,738,820,303,374
./images/Cars216.xml,205,280,214,262
./images/Cars202.xml,197,249,135,159
./images/Cars389.xml,77,222,305,370
./images/239.xml,332,535,526,576
./images/211.xml,770,1319,706,822
./images/577.xml,799,853,215,403
./images/563.xml,88,394,1184,1256
./images/205.xml,1075,1230,516,641
./images/588.xml,312,491,466,516
./images/Cars404.xml,162,235,208,244
./images/Cars362.xml,139,162,172,179
./images/Cars376.xml,159,252,178,203
./images/Cars410.xml,51,219,150,212
./images/Cars42.xml,177,217,140,159
./images/Cars56.xml,87,339,82,146
./images/Cars81.xml,297,327,100,125
./images/Cars95.xml,278,407,182,263
./images/Cars148.xml,135,218,134,158
./images/Cars160.xml,209,281,137,174
./images/Cars174.xml,283,306,159,168
./images/Cars175.xml,295,456,237,367
./images/Cars161.xml,312,406,283,311
./images/Cars149.xml,212,245,182,203
./images/Cars94.xml,176,251,210,248
./images/Cars80.xml,94,279,148,186
./images/Cars57.xml,270,321,162,195
./images/Cars43.xml,142,319,111,161
./images/Cars377.xml,177,216,138,161
./images/Cars411.xml,160,249,153,197
./images/Cars405.xml,241,299,207,232
./images/Cars363.xml,153,254,169,204
./images/589.xml,339,484,546,599
./images/562.xml,639,886,1579,1634
./images/204.xml,427,778,598,677
./images/210.xml,106,297,483,636
./images/576.xml,226,457,922,978
./images/Cars388.xml,149,255,130,158
./images/238.xml,21,136,546,604
./images/Cars203.xml,116,271,112,165
./images/Cars217.xml,149,223,196,231
./images/416.xml,175,281,448,523
./images/370.xml,214,337,433,491
./images/364.xml,530,653,480,544
./images/402.xml,509,642,556,622
./images/358.xml,101,249,585,659
./images/9.xml,370,507,236,268
./images/73.xml,120,252,360,402
./images/67.xml,524,597,302,344
./images/199.xml,1580,1722,734,805
./images/172.xml,942,1195,527,585
./images/614.xml,143,289,522,608
./images/98.xml,38,121,351,422
./images/600.xml,105,272,881,1081
./images/166.xml,442,702,650,734
./images/628.xml,465,637,670,718
./images/667.xml,416,706,545,606
./images/101.xml,747,1034,1630,1730
./images/115.xml,121,257,349,435
./images/673.xml,387,591,383,440
./images/129.xml,595,722,430,507
./images/28.xml,192,291,186,222
./images/698.xml,413,520,495,553
./images/14.xml,237,390,191,226
./images/303.xml,243,421,380,417
./images/465.xml,317,438,631,659
./images/471.xml,642,787,362,394
./images/317.xml,1619,1894,1101,1317
./images/459.xml,433,679,598,651
./images/Cars270.xml,75,125,173,195
./images/Cars264.xml,222,295,300,337
./images/Cars258.xml,158,230,184,232
./images/277.xml,229,395,339,445
./images/511.xml,224,439,473,551
./images/505.xml,1405,1641,927,1082
./images/263.xml,1214,1330,225,680
./images/539.xml,537,656,247,301
./images/Cars304.xml,143,222,114,156
./images/Cars310.xml,241,348,369,417
./images/288.xml,275,478,657,700
./images/Cars338.xml,297,316,193,205
./images/Cars18.xml,313,405,286,311
./images/707.xml,461,579,467,519
./images/Cars24.xml,167,240,202,221
./images/Cars30.xml,155,200,169,182
./images/Cars106.xml,138,177,79,92
./images/Cars3.xml,142,261,128,157
./images/Cars112.xml,49,164,135,191
./images/Cars113.xml,151,306,113,180
./images/Cars2.xml,229,270,176,193
./images/Cars107.xml,141,311,113,164
./images/Cars31.xml,286,400,173,211
./images/Cars25.xml,177,216,139,159
./images/706.xml,102,212,244,329
./images/Cars19.xml,148,221,195,232
./images/289.xml,273,451,588,630
./images/Cars339.xml,209,283,135,169
./images/Cars311.xml,295,355,166,185
./images/Cars305.xml,361,434,167,183
./images/538.xml,340,459,379,441
./images/504.xml,1391,1673,616,759
./images/262.xml,288,422,473,508
./images/276.xml,534,823,390,471
./images/510.xml,374,505,553,623
./images/Cars259.xml,324,475,166,205
./images/Cars265.xml,87,216,166,212
./images/Cars271.xml,262,318,141,160
./images/458.xml,133,259,433,522
./images/470.xml,292,422,481,536
./images/316.xml,90,325,901,1147
./images/302.xml,900,1216,965,1065
./images/464.xml,306,482,401,455
./images/15.xml,326,445,297,323
./images/699.xml,130,241,492,559
./images/29.xml,529,626,225,274
./images/128.xml,403,585,432,474
./images/114.xml,431,615,387,453
./images/672.xml,52,141,277,366
./images/666.xml,272,485,651,693
./images/100.xml,357,568,331,386
./images/670.xml,643,756,341,421
./images/116.xml,708,804,337,410
./images/102.xml,309,574,517,579
./images/664.xml,229,479,576,626
./images/658.xml,1076,1225,516,642
./images/17.xml,249,387,264,294
./images/314.xml,499,806,353,414
./images/472.xml,106,406,1289,1468
./images/466.xml,93,173,632,673
./images/300.xml,580,705,448,508
./images/328.xml,308,566,1219,1287
./images/Cars298.xml,166,233,148,184
./images/Cars267.xml,274,343,118,138
./images/Cars273.xml,74,264,132,173
./images/499.xml,61,141,561,613
./images/260.xml,188,378,467,564
./images/506.xml,386,664,698,824
./images/512.xml,395,638,417,475
./images/274.xml,885,1013,389,504
./images/248.xml,303,597,929,1007
./images/Cars313.xml,176,252,211,246
./images/Cars307.xml,172,437,163,220
./images/704.xml,670,780,269,346
./images/Cars33.xml,94,306,56,169
./images/Cars27.xml,148,245,127,159
./images/Cars111.xml,319,478,165,204
./images/Cars105.xml,152,206,147,159
./images/Cars0.xml,226,419,125,173
./images/Cars139.xml,315,337,189,197
./images/Cars138.xml,153,254,141,185
./images/Cars1.xml,134,262,128,160
./images/Cars104.xml,195,244,266,282
./images/Cars110.xml,286,328,133,159
./images/Cars26.xml,258,321,184,213
./images/Cars32.xml,200,251,149,167
./images/705.xml,308,584,271,338
./images/Cars306.xml,139,249,282,310
./images/Cars312.xml,111,518,66,246
./images/249.xml,561,768,578,628
./images/513.xml,236,428,361,405
./images/275.xml,815,990,311,408
./images/261.xml,320,468,517,558
./images/507.xml,827,1250,1093,1187
./images/498.xml,250,407,572,607
./images/Cars272.xml,170,316,81,121
./images/Cars266.xml,11,88,57,76
./images/329.xml,599,765,445,515
./images/Cars299.xml,101,270,136,176
./images/467.xml,95,175,632,675
./images/301.xml,356,727,1344,1410
./images/315.xml,696,1192,1262,1364
./images/473.xml,613,925,615,692
./images/16.xml,335,467,253,284
./images/659.xml,149,349,372,470
./images/103.xml,292,566,524,591
./images/665.xml,283,448,609,641
./images/671.xml,284,552,400,465
./images/117.xml,400,618,492,551
./images/649.xml,174,296,407,508
./images/113.xml,138,258,322,410
./images/675.xml,416,587,290,336
./images/661.xml,335,596,361,432
./images/107.xml,740,828,349,414
./images/12.xml,762,898,491,529
./images/339.xml,278,562,946,1130
./images/Cars289.xml,163,271,140,173
./images/477.xml,1475,1611,692,779
./images/311.xml,497,843,984,1036
./images/305.xml,295,726,1161,1384
./images/463.xml,351,486,434,473
./images/488.xml,171,332,405,478
./images/Cars262.xml,243,285,184,205
./images/Cars276.xml,115,276,116,156
./images/259.xml,289,435,400,473
./images/503.xml,279,554,1052,1185
./images/265.xml,1139,1314,1,297
./images/271.xml,354,577,358,415
./images/517.xml,749,910,539,596
./images/Cars316.xml,377,476,405,439
./images/Cars302.xml,222,425,98,149
./images/Cars36.xml,203,285,193,229
./images/Cars22.xml,207,260,104,116
./images/701.xml,306,479,424,464
./images/Cars128.xml,112,306,65,173
./images/Cars114.xml,7,493,16,256
./images/Cars100.xml,175,214,114,131
./images/Cars5.xml,226,242,218,240
./images/Cars4.xml,156,503,82,253
./images/Cars101.xml,167,240,202,220
./images/Cars115.xml,315,407,287,311
./images/Cars129.xml,204,282,213,267
./images/700.xml,419,557,568,604
./images/Cars23.xml,143,213,172,211
./images/Cars37.xml,146,246,114,163
./images/Cars303.xml,150,247,211,237
./images/Cars317.xml,164,240,202,220
./images/270.xml,160,331,596,635
./images/516.xml,20,124,404,470
./images/502.xml,446,891,1244,1370
./images/264.xml,1322,1469,168,591
./images/258.xml,284,446,488,532
./images/Cars277.xml,48,72,218,225
./images/Cars263.xml,129,232,260,290
./images/489.xml,529,675,559,627
./images/304.xml,245,405,292,333
./images/462.xml,572,832,584,642
./images/476.xml,821,1149,867,937
./images/310.xml,1360,1711,1128,1295
./images/338.xml,175,427,483,616
./images/Cars288.xml,97,164,148,169
./images/13.xml,415,541,188,245
./images/660.xml,508,803,535,707
./images/106.xml,338,560,390,440
./images/112.xml,343,550,552,606
./images/674.xml,688,756,237,299
./images/648.xml,178,293,427,516
./images/138.xml,713,839,359,410
./images/104.xml,395,617,525,591
./images/662.xml,316,526,564,617
./images/676.xml,123,238,248,321
./images/110.xml,290,583,510,583
./images/689.xml,768,858,225,288
./images/11.xml,359,492,269,300
./images/39.xml,219,440,375,427
./images/448.xml,348,527,496,534
./images/460.xml,585,802,524,620
./images/306.xml,688,1319,1141,1290
./images/312.xml,407,748,885,950
./images/474.xml,1207,1479,421,545
./images/Cars249.xml,118,149,91,99
./images/Cars275.xml,99,162,150,167
./images/Cars261.xml,1,464,74,154
./images/528.xml,226,483,817,882
./images/514.xml,726,823,402,449
./images/272.xml,508,849,544,616
./images/266.xml,46,287,1238,1363
./images/500.xml,464,603,569,635
./images/299.xml,1264,1383,999,1253
./images/Cars329.xml,166,224,142,176
./images/Cars301.xml,205,303,107,135
./images/Cars315.xml,12,385,98,181
./images/Cars21.xml,191,255,165,192
./images/Cars35.xml,91,137,186,208
./images/702.xml,221,374,455,494
./images/Cars103.xml,230,248,129,134
./images/Cars6.xml,112,373,114,239
./images/Cars117.xml,42,86,126,137
./images/Cars116.xml,149,267,218,247
./images/Cars7.xml,166,206,141,154
./images/Cars102.xml,66,322,147,199
./images/703.xml,389,604,430,495
./images/Cars34.xml,147,260,181,206
./images/Cars20.xml,18,48,135,152
./images/Cars314.xml,195,274,149,209
./images/Cars300.xml,259,317,185,215
./images/298.xml,495,704,550,597
./images/Cars328.xml,156,248,149,170
./images/267.xml,536,872,1280,1427
./images/501.xml,548,858,1206,1283
./images/515.xml,139,304,485,532
./images/273.xml,114,259,461,583
./images/529.xml,567,717,632,703
./images/Cars260.xml,170,232,112,129
./images/Cars274.xml,196,253,149,169
./images/Cars248.xml,184,311,143,191
./images/313.xml,491,718,520,579
./images/475.xml,702,1040,417,495
./images/461.xml,232,360,441,473
./images/307.xml,1583,1867,917,1053
./images/449.xml,788,907,347,418
./images/38.xml,265,369,298,324
./images/10.xml,563,1131,571,739
./images/688.xml,340,547,403,444
./images/677.xml,308,490,409,445
./images/111.xml,665,792,450,532
./images/105.xml,102,232,351,441
./images/663.xml,286,437,509,544
./images/139.xml,54,179,467,522
./images/646.xml,701,847,435,542
./images/120.xml,678,793,366,441
./images/134.xml,327,546,494,549
./images/652.xml,709,860,350,441
./images/108.xml,371,614,506,582
./images/685.xml,118,235,228,301
./images/691.xml,135,247,221,299
./images/21.xml,501,598,376,424
./images/35.xml,270,439,286,335
./images/322.xml,177,345,522,575
./images/444.xml,256,467,618,664
./images/Cars292.xml,91,137,187,208
./images/450.xml,264,437,409,450
./images/Cars286.xml,201,288,191,230
./images/336.xml,904,1176,1152,1273
./images/478.xml,1331,1500,631,707
./images/487.xml,399,584,422,458
./images/Cars251.xml,136,210,134,153
./images/493.xml,283,517,577,812
./images/Cars245.xml,91,164,110,138
./images/Cars279.xml,42,202,131,243
./images/256.xml,766,837,424,484
./images/530.xml,213,409,569,618
./images/524.xml,545,716,886,926
./images/242.xml,263,411,496,540
./images/518.xml,467,564,341,366
./images/295.xml,567,758,407,450
./images/Cars325.xml,230,262,180,196
./images/Cars331.xml,164,235,220,240
./images/281.xml,595,1027,1023,1146
./images/Cars319.xml,167,232,228,259
./images/Cars39.xml,225,328,180,213
./images/Cars11.xml,131,273,206,234
./images/Cars127.xml,360,383,166,181
./images/Cars133.xml,247,375,185,223
./images/Cars132.xml,23,56,190,198
./images/Cars126.xml,103,293,99,201
./images/Cars10.xml,140,303,5,148
./images/Cars38.xml,168,240,196,231
./images/Cars318.xml,119,263,117,160
./images/Cars330.xml,29,57,192,203
./images/280.xml,600,1015,1257,1342
./images/294.xml,768,896,417,495
./images/Cars324.xml,151,255,138,159
./images/519.xml,553,621,302,344
./images/525.xml,470,624,656,734
./images/243.xml,395,557,517,555
./images/257.xml,157,274,449,521
./images/531.xml,572,778,1170,1224
./images/Cars278.xml,278,315,138,163
./images/Cars244.xml,20,360,87,155
./images/492.xml,609,960,1414,1493
./images/Cars250.xml,132,261,123,160
./images/486.xml,289,521,297,338
./images/479.xml,760,1029,687,754
./images/Cars287.xml,148,262,180,213
./images/451.xml,825,933,458,550
./images/337.xml,321,702,593,667
./images/323.xml,280,479,422,469
./images/Cars293.xml,64,130,160,181
./images/445.xml,268,450,539,577
./images/34.xml,260,430,370,407
./images/20.xml,393,508,151,194
./images/690.xml,331,563,260,312
./images/684.xml,358,591,423,481
./images/109.xml,50,146,387,474
./images/135.xml,792,898,326,401
./images/653.xml,429,780,600,696
./images/647.xml,793,883,441,552
./images/121.xml,329,565,528,584
./images/651.xml,109,219,382,497
./images/137.xml,193,331,478,534
./images/123.xml,317,596,517,582
./images/645.xml,663,757,431,500
./images/679.xml,141,253,238,311
./images/692.xml,382,586,416,474
./images/686.xml,283,507,244,299
./images/36.xml,262,397,250,281
./images/22.xml,506,544,199,330
./images/335.xml,231,497,368,439
./images/453.xml,1257,1676,1004,1162
./images/Cars285.xml,91,163,111,134
./images/447.xml,244,438,476,530
./images/Cars291.xml,71,215,205,246
./images/321.xml,1364,1670,824,973
./images/309.xml,790,1313,1330,1450
./images/490.xml,257,427,469,509
./images/Cars246.xml,49,112,163,193
./images/484.xml,219,386,409,446
./images/Cars252.xml,174,314,237,274
./images/241.xml,425,574,467,515
./images/527.xml,728,882,930,969
./images/533.xml,419,578,598,634
./images/255.xml,81,478,1053,1248
./images/269.xml,184,346,577,616
./images/282.xml,458,747,403,470
./images/Cars332.xml,143,260,126,159
./images/Cars326.xml,141,252,198,230
./images/296.xml,862,1006,474,553
./images/Cars12.xml,122,277,82,117
./images/Cars130.xml,91,166,110,140
./images/Cars124.xml,305,320,256,267
./images/Cars9.xml,164,272,224,247
./images/Cars118.xml,193,394,165,217
./images/Cars119.xml,187,217,140,153
./images/Cars8.xml,204,304,104,134
./images/Cars125.xml,280,355,196,257
./images/Cars131.xml,19,497,29,245
./images/Cars13.xml,191,242,147,169
./images/Cars327.xml,138,262,126,155
./images/297.xml,29,151,542,641
./images/283.xml,519,737,429,481
./images/Cars333.xml,117,270,157,191
./images/268.xml,376,538,344,398
./images/532.xml,587,873,1473,1545
./images/254.xml,627,792,734,865
./images/240.xml,333,637,1148,1242
./images/526.xml,722,872,727,775
./images/Cars253.xml,25,64,124,137
./images/485.xml,985,1387,865,996
./images/Cars247.xml,147,300,11,149
./images/491.xml,471,608,404,465
./images/308.xml,256,550,1028,1188
./images/Cars290.xml,224,271,84,118
./images/446.xml,200,432,520,567
./images/320.xml,38,293,942,1160
./images/334.xml,246,506,651,708
./images/Cars284.xml,70,260,199,271
./images/452.xml,473,900,1130,1284
./images/23.xml,266,438,412,455
./images/37.xml,325,407,212,235
./images/687.xml,707,802,218,290
./images/693.xml,291,524,418,467
./images/678.xml,308,512,260,307
./images/122.xml,94,218,440,529
./images/644.xml,283,480,541,585
./images/650.xml,596,745,419,494
./images/136.xml,328,550,463,515
./images/668.xml,354,656,481,564
./images/132.xml,726,846,349,419
./images/654.xml,1041,1236,430,546
./images/640.xml,101,251,510,613
./images/126.xml,385,601,514,580
./images/33.xml,267,388,355,384
./images/27.xml,272,406,264,298
./images/697.xml,138,238,506,552
./images/683.xml,86,198,226,311
./images/318.xml,886,1278,758,850
./images/Cars280.xml,191,213,185,195
./images/456.xml,344,542,455,513
./images/330.xml,99,224,453,526
./images/324.xml,237,437,622,678
./images/Cars294.xml,142,218,117,135
./images/442.xml,68,187,543,586
./images/Cars243.xml,129,465,174,235
./images/495.xml,1083,1280,874,939
./images/Cars257.xml,167,241,132,166
./images/481.xml,569,691,826,876
./images/278.xml,44,207,428,490
./images/522.xml,196,265,329,381
./images/244.xml,306,438,480,535
./images/250.xml,538,767,584,650
./images/536.xml,220,427,663,714
./images/Cars337.xml,119,136,131,154
./images/287.xml,173,334,443,494
./images/293.xml,702,921,320,395
./images/Cars323.xml,123,279,28,65
./images/Cars17.xml,306,351,188,205
./images/708.xml,204,304,437,493
./images/Cars109.xml,115,278,116,153
./images/Cars135.xml,260,319,184,211
./images/Cars121.xml,336,357,192,204
./images/Cars120.xml,159,250,178,200
./images/Cars134.xml,76,133,151,174
./images/Cars108.xml,158,277,216,248
./images/Cars16.xml,36,62,175,186
./images/292.xml,187,320,348,406
./images/Cars322.xml,274,350,257,297
./images/Cars336.xml,122,265,195,234
./images/286.xml,413,569,620,688
./images/251.xml,539,763,580,648
./images/537.xml,138,254,507,570
./images/523.xml,723,881,928,970
./images/245.xml,516,646,447,500
./images/279.xml,419,597,479,533
./images/480.xml,283,413,706,739
./images/Cars256.xml,286,400,175,212
./images/494.xml,858,1296,1064,1167
./images/Cars242.xml,224,277,170,199
./images/325.xml,206,433,645,686
./images/443.xml,482,559,487,526
./images/Cars295.xml,52,73,170,182
./images/457.xml,344,593,527,582
./images/Cars281.xml,151,243,169,183
./images/331.xml,741,861,454,539
./images/319.xml,890,1278,766,843
./images/682.xml,366,614,281,339
./images/696.xml,515,1036,1102,1221
./images/26.xml,258,426,367,407
./images/32.xml,154,306,367,427
./images/641.xml,196,323,477,539
./images/127.xml,133,250,393,461
./images/133.xml,350,598,475,537
./images/655.xml,509,832,473,572
./images/669.xml,333,526,443,488
./images/119.xml,313,577,374,439
./images/125.xml,715,825,434,530
./images/643.xml,248,332,225,270
./images/657.xml,111,293,486,633
./images/131.xml,308,548,382,441
./images/24.xml,426,570,350,418
./images/30.xml,73,159,259,324
./images/680.xml,380,582,393,459
./images/18.xml,295,375,214,232
./images/694.xml,145,247,335,416
./images/469.xml,209,487,893,947
./images/Cars297.xml,158,247,149,170
./images/441.xml,239,395,452,490
./images/327.xml,225,469,595,646
./images/333.xml,1,77,479,567
./images/Cars283.xml,51,79,189,201
./images/455.xml,222,427,565,628
./images/Cars268.xml,213,271,133,168
./images/Cars254.xml,166,235,175,207
./images/482.xml,386,500,674,731
./images/Cars240.xml,171,232,116,132
./images/496.xml,311,516,722,766
./images/509.xml,194,328,524,571
./images/535.xml,153,284,694,734
./images/253.xml,622,789,726,875
./images/247.xml,67,206,565,752
./images/521.xml,617,743,342,408
./images/Cars308.xml,159,237,221,241
./images/Cars320.xml,99,257,225,266
./images/290.xml,431,660,516,600
./images/284.xml,949,1249,1393,1523
./images/Cars334.xml,155,211,146,162
./images/Cars14.xml,94,274,118,163
./images/Cars28.xml,541,598,366,384
./images/Cars122.xml,195,254,147,169
./images/Cars136.xml,164,245,104,119
./images/Cars137.xml,178,204,181,191
./images/Cars123.xml,159,237,221,242
./images/Cars29.xml,143,211,171,208
./images/Cars15.xml,310,372,146,171
./images/285.xml,418,669,596,651
./images/Cars335.xml,156,221,163,198
./images/Cars321.xml,134,169,235,246
./images/291.xml,280,465,449,528
./images/Cars309.xml,152,252,122,207
./images/246.xml,814,1070,685,842
./images/520.xml,657,734,338,389
./images/534.xml,80,176,647,689
./images/252.xml,481,863,1186,1296
./images/508.xml,551,1311,1326,1480
./images/497.xml,296,464,649,693
./images/Cars241.xml,126,241,142,199
./images/483.xml,88,172,576,632
./images/Cars255.xml,116,273,156,188
./images/Cars269.xml,110,147,199,217
./images/332.xml,195,338,490,561
./images/454.xml,90,271,474,574
./images/Cars282.xml,37,319,145,203
./images/440.xml,259,412,433,475
./images/Cars296.xml,163,234,158,196
./images/326.xml,201,439,802,839
./images/468.xml,264,407,609,642
./images/695.xml,549,1029,1685,1757
./images/19.xml,224,393,320,358
./images/681.xml,698,805,254,326
./images/31.xml,281,416,365,398
./images/25.xml,248,394,403,443
./images/656.xml,924,1149,386,518
./images/130.xml,305,551,522,586
./images/124.xml,338,593,360,427
./images/642.xml,115,257,292,320
./images/118.xml,66,178,349,430
./images/143.xml,804,981,372,479
./images/625.xml,149,302,302,340
./images/631.xml,317,506,497,539
./images/157.xml,248,467,422,468
./images/81.xml,217,313,306,336
./images/619.xml,251,400,288,352
./images/95.xml,508,642,344,417
./images/180.xml,142,279,445,538
./images/194.xml,91,155,395,438
./images/42.xml,141,289,350,400
./images/56.xml,269,451,404,457
./images/4.xml,617,791,287,342
./images/427.xml,341,651,497,577
./images/341.xml,1376,1621,830,1027
./images/355.xml,1071,1386,450,523
./images/433.xml,364,640,677,742
./images/369.xml,261,402,287,350
./images/Cars232.xml,175,228,174,201
./images/382.xml,57,169,524,587
./images/396.xml,460,581,695,738
./images/Cars226.xml,249,318,194,213
./images/Cars385.xml,69,310,75,191
./images/553.xml,196,291,448,525
./images/235.xml,78,153,138,162
./images/221.xml,228,400,725,772
./images/Cars391.xml,270,320,163,190
./images/547.xml,662,860,530,614
./images/209.xml,146,350,372,469
./images/Cars346.xml,91,197,185,217
./images/590.xml,192,376,490,526
./images/Cars420.xml,112,160,186,211
./images/Cars352.xml,201,217,185,195
./images/584.xml,87,176,356,433
./images/Cars408.xml,160,187,217,228
./images/Cars187.xml,96,287,116,155
./images/Cars193.xml,306,344,193,214
./images/Cars66.xml,144,211,170,202
./images/Cars72.xml,156,255,182,208
./images/Cars144.xml,101,215,114,154
./images/Cars99.xml,70,262,198,271
./images/Cars150.xml,122,262,198,232
./images/Cars178.xml,126,173,180,205
./images/Cars179.xml,72,132,160,197
./images/Cars151.xml,54,120,135,178
./images/Cars98.xml,85,247,196,259
./images/Cars145.xml,282,422,236,283
./images/Cars73.xml,119,283,22,69
./images/Cars67.xml,189,328,223,248
./images/Cars192.xml,108,211,150,173
./images/Cars186.xml,175,242,152,175
./images/Cars409.xml,116,203,146,168
./images/585.xml,572,638,387,444
./images/Cars353.xml,93,201,189,221
./images/591.xml,512,963,1369,1485
./images/Cars347.xml,227,252,124,135
./images/Cars421.xml,95,127,162,183
./images/208.xml,512,826,479,556
./images/220.xml,404,604,429,485
./images/546.xml,266,493,788,835
./images/Cars390.xml,360,397,118,136
./images/552.xml,171,251,456,532
./images/Cars384.xml,219,271,194,230
./images/234.xml,255,317,132,156
./images/397.xml,494,628,647,696
./images/Cars227.xml,118,153,199,211
./images/Cars233.xml,189,259,55,78
./images/383.xml,142,266,423,472
./images/368.xml,405,646,432,487
./images/354.xml,593,870,1182,1248
./images/432.xml,369,473,442,483
./images/426.xml,12,176,333,382
./images/340.xml,145,435,953,1156
./images/57.xml,118,228,285,349
./images/5.xml,1123,1804,2032,2310
./images/43.xml,287,412,298,332
./images/195.xml,611,713,282,321
./images/181.xml,672,816,482,557
./images/94.xml,307,427,305,341
./images/618.xml,372,556,553,599
./images/80.xml,313,421,287,325
./images/630.xml,547,658,402,486
./images/156.xml,146,261,440,533
./images/142.xml,785,869,282,526
./images/624.xml,164,384,843,1016
./images/154.xml,311,540,357,418
./images/632.xml,328,402,347,434
./images/626.xml,158,295,389,419
./images/140.xml,569,696,452,492
./images/168.xml,691,1222,651,770
./images/96.xml,285,410,303,341
./images/82.xml,282,427,273,305
./images/197.xml,210,486,913,1008
./images/69.xml,432,545,154,193
./images/183.xml,516,720,719,837
./images/7.xml,1115,1703,1611,1805
./images/55.xml,500,609,282,342
./images/41.xml,227,351,285,316
./images/430.xml,267,477,742,786
./images/356.xml,845,1123,598,681
./images/342.xml,657,1124,1068,1181
./images/424.xml,818,1240,992,1098
./images/418.xml,250,426,558,618
./images/Cars225.xml,189,384,161,215
./images/395.xml,520,644,656,702
./images/381.xml,437,547,439,474
./images/Cars231.xml,64,133,160,180
./images/Cars219.xml,127,462,172,236
./images/Cars392.xml,144,260,150,209
./images/544.xml,279,531,429,511
./images/222.xml,130,257,435,542
./images/236.xml,130,184,177,196
./images/Cars386.xml,83,221,307,368
./images/550.xml,687,809,409,496
./images/578.xml,802,858,214,406
./images/Cars351.xml,249,368,48,129
./images/587.xml,323,523,452,511
./images/Cars423.xml,162,283,159,183
./images/Cars345.xml,173,247,143,182
./images/593.xml,750,1039,696,830
./images/Cars379.xml,197,351,197,245
./images/Cars190.xml,149,245,210,235
./images/Cars184.xml,163,212,146,159
./images/Cars59.xml,324,375,162,175
./images/Cars71.xml,254,284,144,152
./images/Cars65.xml,207,300,200,260
./images/Cars153.xml,146,311,118,170
./images/Cars147.xml,226,420,125,169
./images/Cars146.xml,143,170,263,271
./images/Cars152.xml,92,199,258,284
./images/Cars64.xml,120,325,187,220
./images/Cars70.xml,179,213,115,133
./images/Cars58.xml,154,241,166,187
./images/Cars185.xml,154,293,147,194
./images/Cars191.xml,96,199,189,217
./images/Cars378.xml,118,254,92,137
./images/Cars422.xml,159,296,126,182
./images/592.xml,493,1005,1522,1646
./images/Cars344.xml,240,379,158,217
./images/586.xml,262,457,496,539
./images/Cars350.xml,162,211,179,188
./images/579.xml,249,446,432,478
./images/237.xml,179,240,176,198
./images/551.xml,408,608,469,514
./images/Cars387.xml,163,256,187,225
./images/545.xml,314,553,748,823
./images/Cars393.xml,94,211,171,208
./images/223.xml,331,559,413,476
./images/Cars218.xml,0,27,166,188
./images/380.xml,126,334,703,857
./images/Cars230.xml,222,361,173,202
./images/Cars224.xml,181,243,250,275
./images/394.xml,231,464,650,701
./images/419.xml,42,188,618,692
./images/343.xml,313,568,930,1102
./images/425.xml,726,1268,765,888
./images/431.xml,258,488,768,818
./images/357.xml,85,433,668,778
./images/40.xml,335,425,327,349
./images/6.xml,428,612,622,676
./images/54.xml,174,262,245,286
./images/182.xml,562,712,451,504
./images/196.xml,425,494,317,335
./images/68.xml,264,369,304,331
./images/83.xml,273,394,327,358
./images/169.xml,735,1165,802,906
./images/97.xml,251,341,267,297
./images/627.xml,43,106,179,240
./images/141.xml,645,722,263,513
./images/155.xml,686,784,321,391
./images/633.xml,533,792,444,505
./images/93.xml,178,303,340,386
./images/179.xml,359,554,443,490
./images/87.xml,367,472,165,195
./images/637.xml,177,243,512,550
./images/151.xml,402,608,440,493
./images/145.xml,350,638,654,729
./images/623.xml,241,429,695,824
./images/50.xml,286,399,236,267
./images/2.xml,1462,2380,3070,3458
./images/44.xml,177,293,289,330
./images/192.xml,536,631,275,338
./images/186.xml,67,313,1034,1256
./images/78.xml,206,389,392,431
./images/409.xml,221,478,546,600
./images/353.xml,636,868,1048,1104
./images/435.xml,948,1208,887,945
./images/421.xml,394,690,531,591
./images/347.xml,113,203,397,480
./images/Cars208.xml,142,232,123,169
./images/390.xml,360,497,540,585
./images/Cars220.xml,142,188,168,182
./images/Cars234.xml,160,246,149,171
./images/384.xml,340,473,543,582
./images/569.xml,1584,1694,559,1049
./images/227.xml,411,597,413,452
./images/541.xml,122,254,249,302
./images/Cars397.xml,144,216,169,212
./images/555.xml,136,386,1199,1310
./images/Cars383.xml,54,88,216,228
./images/233.xml,70,203,286,407
./images/Cars368.xml,173,223,173,203
./images/Cars432.xml,95,196,258,284
./images/582.xml,233,394,440,477
./images/Cars354.xml,65,102,202,222
./images/596.xml,218,483,648,719
./images/Cars340.xml,270,321,126,143
./images/Cars426.xml,148,282,206,238
./images/Cars74.xml,115,277,115,153
./images/Cars60.xml,45,364,98,159
./images/Cars48.xml,95,286,117,155
./images/Cars195.xml,450,526,223,244
./images/Cars181.xml,69,128,195,209
./images/Cars156.xml,114,230,78,102
./images/Cars142.xml,178,273,124,144
./images/Cars143.xml,93,130,196,207
./images/Cars157.xml,330,366,152,179
./images/Cars180.xml,151,304,115,187
./images/Cars194.xml,267,316,170,183
./images/Cars49.xml,268,314,171,190
./images/Cars61.xml,71,198,124,231
./images/Cars75.xml,209,218,196,201
./images/Cars341.xml,47,115,161,192
./images/597.xml,200,464,649,721
./images/Cars427.xml,236,375,193,228
./images/Cars355.xml,164,239,154,190
./images/583.xml,624,688,325,396
./images/Cars369.xml,176,325,253,280
./images/Cars382.xml,149,285,206,240
./images/554.xml,670,791,455,523
./images/232.xml,357,491,318,387
./images/226.xml,161,307,454,548
./images/Cars396.xml,181,269,264,289
./images/540.xml,647,739,367,433
./images/568.xml,333,437,376,447
./images/Cars235.xml,152,247,145,167
./images/385.xml,441,707,810,876
./images/391.xml,897,1050,490,538
./images/Cars221.xml,102,125,122,135
./images/Cars209.xml,359,387,172,186
./images/420.xml,443,603,592,680
./images/346.xml,453,610,841,878
./images/352.xml,48,192,563,627
./images/434.xml,199,411,309,363
./images/408.xml,109,264,607,663
./images/187.xml,1545,1813,840,1029
./images/79.xml,264,457,295,342
./images/193.xml,41,117,315,357
./images/45.xml,291,418,281,307
./images/51.xml,287,461,362,418
./images/3.xml,1415,2197,3470,3675
./images/144.xml,367,648,547,610
./images/622.xml,1330,1637,660,830
./images/636.xml,505,613,567,622
./images/150.xml,321,638,561,637
./images/178.xml,380,588,433,473
./images/86.xml,275,429,327,357
./images/92.xml,306,469,345,386
./images/84.xml,276,390,341,367
./images/608.xml,625,735,366,420
./images/90.xml,167,269,259,306
./images/620.xml,1392,1610,934,1095
./images/146.xml,350,571,507,564
./images/152.xml,404,627,549,599
./images/634.xml,479,690,493,548
./images/47.xml,401,529,259,292
./images/1.xml,697,1138,1952,2152
./images/53.xml,263,416,370,404
./images/185.xml,217,376,490,535
./images/191.xml,358,523,389,437
./images/378.xml,873,1318,719,905
./images/344.xml,1405,1683,953,1145
./images/422.xml,224,544,541,607
./images/436.xml,947,1209,884,946
./images/350.xml,143,249,475,554
./images/387.xml,587,1128,1134,1241
./images/Cars237.xml,118,154,148,169
./images/Cars223.xml,347,407,231,249
./images/393.xml,257,499,704,759
./images/218.xml,296,513,624,663
./images/230.xml,642,823,315,382
./images/556.xml,449,616,353,396
./images/Cars380.xml,316,364,91,126
./images/542.xml,335,549,635,720
./images/Cars394.xml,291,410,167,190
./images/224.xml,440,654,474,523
./images/Cars419.xml,195,349,196,242
./images/Cars425.xml,211,301,103,132
./images/595.xml,260,491,750,809
./images/Cars343.xml,110,162,186,209
./images/581.xml,625,708,338,425
./images/Cars357.xml,92,137,187,207
./images/Cars431.xml,55,343,82,147
./images/Cars63.xml,54,91,201,226
./images/Cars77.xml,229,309,151,178
./images/Cars182.xml,168,247,139,159
./images/Cars196.xml,105,130,128,140
./images/Cars169.xml,114,229,79,101
./images/Cars141.xml,266,307,169,188
./images/Cars88.xml,168,242,148,171
./images/Cars155.xml,150,203,177,190
./images/Cars154.xml,70,264,197,265
./images/Cars89.xml,307,345,206,221
./images/Cars140.xml,283,424,239,286
./images/Cars168.xml,82,137,95,125
./images/Cars197.xml,222,359,176,201
./images/Cars183.xml,97,234,138,170
./images/Cars76.xml,6,470,114,233
./images/Cars62.xml,156,243,110,159
./images/Cars356.xml,241,364,216,275
./images/580.xml,40,121,363,440
./images/Cars430.xml,38,116,159,197
./images/Cars424.xml,128,461,173,242
./images/Cars342.xml,196,253,148,169
./images/594.xml,423,615,297,350
./images/Cars418.xml,99,303,70,155
./images/Cars395.xml,241,288,182,205
./images/543.xml,1,274,676,803
./images/225.xml,166,292,519,619
./images/231.xml,178,415,851,905
./images/Cars381.xml,65,147,131,155
./images/557.xml,436,648,490,548
./images/219.xml,198,422,718,754
./images/Cars222.xml,178,235,158,170
./images/392.xml,10,189,664,716
./images/386.xml,536,778,804,863
./images/Cars236.xml,223,250,106,119
./images/437.xml,944,1302,834,913
./images/351.xml,333,533,452,497
./images/345.xml,613,811,1039,1092
./images/423.xml,358,519,455,499
./images/379.xml,1586,1772,423,532
./images/190.xml,264,421,408,471
./images/184.xml,332,505,478,526
./images/0.xml,1309,1701,1897,2092
./images/52.xml,402,526,301,351
./images/46.xml,283,389,289,313
./images/153.xml,142,269,334,422
./images/635.xml,295,415,495,524
./images/621.xml,165,381,838,1016
./images/147.xml,255,512,540,601
./images/91.xml,212,272,290,317
./images/609.xml,123,195,435,492
./images/85.xml,450,532,274,316
